[{"model": "admin.logentry", "pk": 1, "fields": {"action_time": "2022-09-21T09:49:40.723Z", "user": 1, "content_type": 14, "object_id": "1", "object_repr": "Protein Brownie", "action_flag": 2, "change_message": "[{\"changed\": {\"fields\": [\"Image url\", \"Image\"]}}]"}}, {"model": "admin.logentry", "pk": 2, "fields": {"action_time": "2022-09-21T09:49:57.129Z", "user": 1, "content_type": 14, "object_id": "2", "object_repr": "Peanut Butter", "action_flag": 2, "change_message": "[{\"changed\": {\"fields\": [\"Image url\", \"Image\"]}}]"}}, {"model": "admin.logentry", "pk": 3, "fields": {"action_time": "2022-09-21T09:50:19.101Z", "user": 1, "content_type": 14, "object_id": "3", "object_repr": "Vitamin D3", "action_flag": 2, "change_message": "[{\"changed\": {\"fields\": [\"Image url\", \"Image\"]}}]"}}, {"model": "admin.logentry", "pk": 4, "fields": {"action_time": "2022-09-21T09:50:41.776Z", "user": 1, "content_type": 14, "object_id": "4", "object_repr": "Energy Drink", "action_flag": 2, "change_message": "[{\"changed\": {\"fields\": [\"Image url\", \"Image\"]}}]"}}, {"model": "admin.logentry", "pk": 5, "fields": {"action_time": "2022-09-21T09:51:09.310Z", "user": 1, "content_type": 14, "object_id": "5", "object_repr": "Dumbbell", "action_flag": 2, "change_message": "[{\"changed\": {\"fields\": [\"Image url\", \"Image\"]}}]"}}, {"model": "admin.logentry", "pk": 6, "fields": {"action_time": "2022-09-21T09:51:29.392Z", "user": 1, "content_type": 14, "object_id": "6", "object_repr": "kettlebells", "action_flag": 2, "change_message": "[{\"changed\": {\"fields\": [\"Image url\", \"Image\"]}}]"}}, {"model": "admin.logentry", "pk": 7, "fields": {"action_time": "2022-09-21T09:51:47.293Z", "user": 1, "content_type": 14, "object_id": "7", "object_repr": "Plates", "action_flag": 2, "change_message": "[{\"changed\": {\"fields\": [\"Image url\", \"Image\"]}}]"}}, {"model": "admin.logentry", "pk": 8, "fields": {"action_time": "2022-09-21T09:52:03.134Z", "user": 1, "content_type": 14, "object_id": "9", "object_repr": "T-shirts", "action_flag": 2, "change_message": "[{\"changed\": {\"fields\": [\"Has sizes\", \"Image url\", \"Image\"]}}]"}}, {"model": "admin.logentry", "pk": 9, "fields": {"action_time": "2022-09-21T09:52:39.886Z", "user": 1, "content_type": 14, "object_id": "10", "object_repr": "Vitamins", "action_flag": 2, "change_message": "[{\"changed\": {\"fields\": [\"Description\", \"Image url\", \"Image\"]}}]"}}, {"model": "admin.logentry", "pk": 10, "fields": {"action_time": "2022-09-21T09:52:45.079Z", "user": 1, "content_type": 14, "object_id": "10", "object_repr": "Vitamins", "action_flag": 2, "change_message": "[{\"changed\": {\"fields\": [\"Category\"]}}]"}}, {"model": "admin.logentry", "pk": 11, "fields": {"action_time": "2022-09-21T09:53:01.997Z", "user": 1, "content_type": 14, "object_id": "9", "object_repr": "T-shirts", "action_flag": 2, "change_message": "[{\"changed\": {\"fields\": [\"Category\", \"Image\"]}}]"}}, {"model": "admin.logentry", "pk": 12, "fields": {"action_time": "2022-09-21T09:53:52.530Z", "user": 1, "content_type": 14, "object_id": "11", "object_repr": "Socks", "action_flag": 1, "change_message": "[{\"added\": {}}]"}}, {"model": "admin.logentry", "pk": 13, "fields": {"action_time": "2022-09-21T09:54:48.217Z", "user": 1, "content_type": 14, "object_id": "8", "object_repr": "Shorts", "action_flag": 2, "change_message": "[{\"changed\": {\"fields\": [\"Image url\", \"Image\"]}}]"}}, {"model": "admin.logentry", "pk": 14, "fields": {"action_time": "2022-09-21T10:10:00.835Z", "user": 1, "content_type": 14, "object_id": "12", "object_repr": "TShirt new", "action_flag": 1, "change_message": "[{\"added\": {}}]"}}, {"model": "admin.logentry", "pk": 15, "fields": {"action_time": "2022-09-21T10:24:18.225Z", "user": 1, "content_type": 14, "object_id": "12", "object_repr": "TShirt new", "action_flag": 2, "change_message": "[{\"changed\": {\"fields\": [\"Description\"]}}]"}}, {"model": "admin.logentry", "pk": 16, "fields": {"action_time": "2022-09-21T10:29:41.408Z", "user": 1, "content_type": 14, "object_id": "1", "object_repr": "Protein Brownie", "action_flag": 2, "change_message": "[{\"changed\": {\"fields\": [\"Has sizes\"]}}]"}}, {"model": "admin.logentry", "pk": 17, "fields": {"action_time": "2022-09-21T10:29:46.592Z", "user": 1, "content_type": 14, "object_id": "2", "object_repr": "Peanut Butter", "action_flag": 2, "change_message": "[{\"changed\": {\"fields\": [\"Has sizes\"]}}]"}}, {"model": "admin.logentry", "pk": 18, "fields": {"action_time": "2022-09-21T10:29:51.939Z", "user": 1, "content_type": 14, "object_id": "3", "object_repr": "Vitamin D3", "action_flag": 2, "change_message": "[{\"changed\": {\"fields\": [\"Has sizes\"]}}]"}}, {"model": "admin.logentry", "pk": 19, "fields": {"action_time": "2022-09-21T10:29:57.920Z", "user": 1, "content_type": 14, "object_id": "4", "object_repr": "Energy Drink", "action_flag": 2, "change_message": "[{\"changed\": {\"fields\": [\"Has sizes\"]}}]"}}, {"model": "admin.logentry", "pk": 20, "fields": {"action_time": "2022-09-21T10:30:03.918Z", "user": 1, "content_type": 14, "object_id": "5", "object_repr": "Dumbbell", "action_flag": 2, "change_message": "[{\"changed\": {\"fields\": [\"Has sizes\"]}}]"}}, {"model": "admin.logentry", "pk": 21, "fields": {"action_time": "2022-09-21T10:30:15.407Z", "user": 1, "content_type": 14, "object_id": "6", "object_repr": "kettlebells", "action_flag": 2, "change_message": "[{\"changed\": {\"fields\": [\"Has sizes\"]}}]"}}, {"model": "admin.logentry", "pk": 22, "fields": {"action_time": "2022-09-21T10:30:21.285Z", "user": 1, "content_type": 14, "object_id": "7", "object_repr": "Plates", "action_flag": 2, "change_message": "[{\"changed\": {\"fields\": [\"Has sizes\"]}}]"}}, {"model": "admin.logentry", "pk": 23, "fields": {"action_time": "2022-09-21T10:30:30.425Z", "user": 1, "content_type": 14, "object_id": "8", "object_repr": "Shorts", "action_flag": 2, "change_message": "[{\"changed\": {\"fields\": [\"Has sizes\"]}}]"}}, {"model": "admin.logentry", "pk": 24, "fields": {"action_time": "2022-09-21T10:30:41.162Z", "user": 1, "content_type": 14, "object_id": "10", "object_repr": "Vitamins", "action_flag": 2, "change_message": "[{\"changed\": {\"fields\": [\"Has sizes\"]}}]"}}, {"model": "admin.logentry", "pk": 25, "fields": {"action_time": "2022-09-21T11:07:56.346Z", "user": 1, "content_type": 14, "object_id": "1", "object_repr": "Protein Brownie", "action_flag": 2, "change_message": "[{\"changed\": {\"fields\": [\"Has sizes\"]}}]"}}, {"model": "admin.logentry", "pk": 26, "fields": {"action_time": "2022-09-21T11:08:00.907Z", "user": 1, "content_type": 14, "object_id": "2", "object_repr": "Peanut Butter", "action_flag": 2, "change_message": "[{\"changed\": {\"fields\": [\"Has sizes\"]}}]"}}, {"model": "admin.logentry", "pk": 27, "fields": {"action_time": "2022-09-21T11:08:05.728Z", "user": 1, "content_type": 14, "object_id": "3", "object_repr": "Vitamin D3", "action_flag": 2, "change_message": "[{\"changed\": {\"fields\": [\"Has sizes\"]}}]"}}, {"model": "admin.logentry", "pk": 28, "fields": {"action_time": "2022-09-21T11:08:11.115Z", "user": 1, "content_type": 14, "object_id": "4", "object_repr": "Energy Drink", "action_flag": 2, "change_message": "[{\"changed\": {\"fields\": [\"Has sizes\"]}}]"}}, {"model": "admin.logentry", "pk": 29, "fields": {"action_time": "2022-09-21T11:08:22.606Z", "user": 1, "content_type": 14, "object_id": "5", "object_repr": "Dumbbell", "action_flag": 2, "change_message": "[{\"changed\": {\"fields\": [\"Has sizes\"]}}]"}}, {"model": "admin.logentry", "pk": 30, "fields": {"action_time": "2022-09-21T11:08:28.220Z", "user": 1, "content_type": 14, "object_id": "6", "object_repr": "kettlebells", "action_flag": 2, "change_message": "[{\"changed\": {\"fields\": [\"Has sizes\"]}}]"}}, {"model": "admin.logentry", "pk": 31, "fields": {"action_time": "2022-09-21T11:08:33.487Z", "user": 1, "content_type": 14, "object_id": "7", "object_repr": "Plates", "action_flag": 2, "change_message": "[{\"changed\": {\"fields\": [\"Has sizes\"]}}]"}}, {"model": "admin.logentry", "pk": 32, "fields": {"action_time": "2022-09-21T11:08:48.953Z", "user": 1, "content_type": 14, "object_id": "10", "object_repr": "Vitamins", "action_flag": 2, "change_message": "[{\"changed\": {\"fields\": [\"Has sizes\"]}}]"}}, {"model": "admin.logentry", "pk": 33, "fields": {"action_time": "2022-09-22T09:57:22.487Z", "user": 1, "content_type": 16, "object_id": "1", "object_repr": "E6FC7F8A4CAF46809F87C1D5DD8B57E7", "action_flag": 3, "change_message": ""}}, {"model": "admin.logentry", "pk": 34, "fields": {"action_time": "2022-09-22T09:59:49.186Z", "user": 1, "content_type": 16, "object_id": "2", "object_repr": "C1436D411634458C973572201D42C8EC", "action_flag": 2, "change_message": "[{\"changed\": {\"name\": \"order line item\", \"object\": \"SKU gb0000000009 on order C1436D411634458C973572201D42C8EC\", \"fields\": [\"Quantity\"]}}]"}}, {"model": "admin.logentry", "pk": 35, "fields": {"action_time": "2022-09-22T10:01:37.716Z", "user": 1, "content_type": 16, "object_id": "2", "object_repr": "C1436D411634458C973572201D42C8EC", "action_flag": 2, "change_message": "[{\"changed\": {\"name\": \"order line item\", \"object\": \"SKU gb0000000009 on order C1436D411634458C973572201D42C8EC\", \"fields\": [\"Quantity\"]}}]"}}, {"model": "admin.logentry", "pk": 36, "fields": {"action_time": "2022-09-22T10:01:47.635Z", "user": 1, "content_type": 16, "object_id": "2", "object_repr": "C1436D411634458C973572201D42C8EC", "action_flag": 2, "change_message": "[{\"changed\": {\"name\": \"order line item\", \"object\": \"SKU gb0000000009 on order C1436D411634458C973572201D42C8EC\", \"fields\": [\"Quantity\"]}}]"}}, {"model": "admin.logentry", "pk": 37, "fields": {"action_time": "2022-09-22T10:02:02.758Z", "user": 1, "content_type": 16, "object_id": "2", "object_repr": "C1436D411634458C973572201D42C8EC", "action_flag": 2, "change_message": "[{\"deleted\": {\"name\": \"order line item\", \"object\": \"SKU gb0000000009 on order C1436D411634458C973572201D42C8EC\"}}]"}}, {"model": "admin.logentry", "pk": 38, "fields": {"action_time": "2022-09-22T10:02:23.205Z", "user": 1, "content_type": 16, "object_id": "2", "object_repr": "C1436D411634458C973572201D42C8EC", "action_flag": 3, "change_message": ""}}, {"model": "admin.logentry", "pk": 39, "fields": {"action_time": "2022-09-22T19:02:51.921Z", "user": 2, "content_type": 8, "object_id": "2", "object_repr": "ricsherry@gmail.com", "action_flag": 2, "change_message": "[{\"changed\": {\"fields\": [\"Verified\", \"Primary\"]}}]"}}, {"model": "admin.logentry", "pk": 40, "fields": {"action_time": "2022-09-23T11:50:49.446Z", "user": 2, "content_type": 14, "object_id": "13", "object_repr": "Protein Bar", "action_flag": 3, "change_message": ""}}, {"model": "admin.logentry", "pk": 41, "fields": {"action_time": "2022-09-23T11:50:49.449Z", "user": 2, "content_type": 14, "object_id": "14", "object_repr": "Protein Bar 2", "action_flag": 3, "change_message": ""}}, {"model": "admin.logentry", "pk": 42, "fields": {"action_time": "2022-09-23T13:05:29.333Z", "user": 2, "content_type": 8, "object_id": "2", "object_repr": "ricsherry@gmail.com", "action_flag": 2, "change_message": "[]"}}, {"model": "admin.logentry", "pk": 43, "fields": {"action_time": "2022-09-23T13:05:33.814Z", "user": 2, "content_type": 8, "object_id": "1", "object_repr": "richserry@gmail.com", "action_flag": 2, "change_message": "[]"}}, {"model": "admin.logentry", "pk": 44, "fields": {"action_time": "2022-09-23T13:18:38.524Z", "user": 2, "content_type": 14, "object_id": "16", "object_repr": "new test", "action_flag": 3, "change_message": ""}}, {"model": "admin.logentry", "pk": 45, "fields": {"action_time": "2022-09-23T13:18:38.526Z", "user": 2, "content_type": 14, "object_id": "17", "object_repr": "Protein Bar", "action_flag": 3, "change_message": ""}}, {"model": "admin.logentry", "pk": 46, "fields": {"action_time": "2022-09-23T13:18:38.527Z", "user": 2, "content_type": 14, "object_id": "15", "object_repr": "Protein Bar 3", "action_flag": 3, "change_message": ""}}, {"model": "admin.logentry", "pk": 47, "fields": {"action_time": "2022-09-24T11:06:21.567Z", "user": 2, "content_type": 14, "object_id": "22", "object_repr": "Water Bottles", "action_flag": 2, "change_message": "[]"}}, {"model": "admin.logentry", "pk": 48, "fields": {"action_time": "2022-09-24T11:14:09.484Z", "user": 2, "content_type": 14, "object_id": "23", "object_repr": "Skipping Rope", "action_flag": 1, "change_message": "[{\"added\": {}}]"}}, {"model": "admin.logentry", "pk": 49, "fields": {"action_time": "2022-09-24T11:16:50.355Z", "user": 2, "content_type": 14, "object_id": "24", "object_repr": "Medicine Ball", "action_flag": 1, "change_message": "[{\"added\": {}}]"}}, {"model": "admin.logentry", "pk": 50, "fields": {"action_time": "2022-09-26T10:27:00.883Z", "user": 2, "content_type": 18, "object_id": "1", "object_repr": "Richard", "action_flag": 1, "change_message": "[{\"added\": {}}]"}}, {"model": "admin.logentry", "pk": 51, "fields": {"action_time": "2022-09-26T19:20:10.321Z", "user": 2, "content_type": 19, "object_id": "1", "object_repr": "Installation object (1)", "action_flag": 1, "change_message": "[{\"added\": {}}]"}}, {"model": "admin.logentry", "pk": 52, "fields": {"action_time": "2022-09-28T16:11:26.673Z", "user": 2, "content_type": 16, "object_id": "24", "object_repr": "6148B7064E624091847E1C23297705E3", "action_flag": 3, "change_message": ""}}, {"model": "admin.logentry", "pk": 53, "fields": {"action_time": "2022-09-28T16:11:26.675Z", "user": 2, "content_type": 16, "object_id": "23", "object_repr": "3662EC37745D4F598188EC1DF791E394", "action_flag": 3, "change_message": ""}}, {"model": "admin.logentry", "pk": 54, "fields": {"action_time": "2022-09-28T16:11:26.677Z", "user": 2, "content_type": 16, "object_id": "22", "object_repr": "47BDD06F6A7C4641863838FDAA9BCFCC", "action_flag": 3, "change_message": ""}}, {"model": "admin.logentry", "pk": 55, "fields": {"action_time": "2022-09-28T16:11:26.680Z", "user": 2, "content_type": 16, "object_id": "21", "object_repr": "9D76D61A671341D1ABE27AB937F7AC39", "action_flag": 3, "change_message": ""}}, {"model": "admin.logentry", "pk": 56, "fields": {"action_time": "2022-09-28T16:11:26.681Z", "user": 2, "content_type": 16, "object_id": "20", "object_repr": "7E5ECA07FA914EDE9C9B376020F1F702", "action_flag": 3, "change_message": ""}}, {"model": "admin.logentry", "pk": 57, "fields": {"action_time": "2022-09-28T16:11:26.683Z", "user": 2, "content_type": 16, "object_id": "19", "object_repr": "FB9F2FFEDFA84CF2AFEE23C648CE68CF", "action_flag": 3, "change_message": ""}}, {"model": "admin.logentry", "pk": 58, "fields": {"action_time": "2022-09-28T16:11:26.685Z", "user": 2, "content_type": 16, "object_id": "18", "object_repr": "92540CE4C75E4D33BA9231626914669A", "action_flag": 3, "change_message": ""}}, {"model": "admin.logentry", "pk": 59, "fields": {"action_time": "2022-09-28T16:11:26.686Z", "user": 2, "content_type": 16, "object_id": "17", "object_repr": "9F3088674FD543A281A464BF6FC25BC8", "action_flag": 3, "change_message": ""}}, {"model": "admin.logentry", "pk": 60, "fields": {"action_time": "2022-09-28T16:11:26.688Z", "user": 2, "content_type": 16, "object_id": "16", "object_repr": "165BAE7ABA284640A459C5EC43AC4B7A", "action_flag": 3, "change_message": ""}}, {"model": "admin.logentry", "pk": 61, "fields": {"action_time": "2022-09-28T16:11:26.689Z", "user": 2, "content_type": 16, "object_id": "15", "object_repr": "A1B6D7B1FD1343A4B1C362B35029D8F7", "action_flag": 3, "change_message": ""}}, {"model": "admin.logentry", "pk": 62, "fields": {"action_time": "2022-09-28T16:11:26.691Z", "user": 2, "content_type": 16, "object_id": "14", "object_repr": "5521C71CB19B44FDA7FF064FE9FDEFDC", "action_flag": 3, "change_message": ""}}, {"model": "auth.user", "pk": 1, "fields": {"password": "pbkdf2_sha256$260000$KA32Z97kViFZ806jcci1Dh$cGJMzwzHEz/5fdidy+n0W+5A1IYXbgAkQNiETkzl+x8=", "last_login": "2022-09-22T18:54:30.040Z", "is_superuser": true, "username": "richard", "first_name": "", "last_name": "", "email": "richserry@gmail.com", "is_staff": true, "is_active": true, "date_joined": "2022-09-21T09:47:59.691Z", "groups": [], "user_permissions": []}}, {"model": "auth.user", "pk": 2, "fields": {"password": "pbkdf2_sha256$260000$5nLLl0B9yaCd7hNZLKUmp0$dBeaFUGCAc9W1ULijyY6FwxIXLuqD0izD/UD0lLvTzg=", "last_login": "2022-09-29T13:39:52.915Z", "is_superuser": true, "username": "richards", "first_name": "", "last_name": "", "email": "ricsherry@gmail.com", "is_staff": true, "is_active": true, "date_joined": "2022-09-22T18:56:25.473Z", "groups": [], "user_permissions": []}}, {"model": "auth.user", "pk": 3, "fields": {"password": "pbkdf2_sha256$260000$3qJDDRYbvhR6wZYP6KgPx1$hgPYjUrVqIVRC2UAunrDWbBWrxgEfdm96ljH2f8Gg4E=", "last_login": "2022-09-23T14:55:10.562Z", "is_superuser": false, "username": "peter", "first_name": "", "last_name": "", "email": "test123@gmail.com", "is_staff": false, "is_active": true, "date_joined": "2022-09-22T19:01:02.447Z", "groups": [], "user_permissions": []}}, {"model": "sessions.session", "pk": "0ef5dgm4v2lrg1mwxjbke8ehowg18g3r", "fields": {"session_data": "eyJfc2Vzc2lvbl9leHBpcnkiOjEyMDk2MDB9:1obRKi:_EWKPax54HVz-wzYOfaItHaJRVh5MoijQr91TiGZBOw", "expire_date": "2022-10-06T18:54:00.007Z"}}, {"model": "sessions.session", "pk": "0rjtwgp14iso3uyna3qnk3j2lcmatw55", "fields": {"session_data": ".eJxVjMEOwiAQBf-Fc0OgFCw9evcbyMJuLWrAQGs0xn83JD3o9c28eTMH27q4rVJxEdnEetb9bh7ClVIDeIF0zjzktJboeVP4Tis_ZaTbcXf_AgvUpb3RK1D9gMZYYwiFkgSzVYOdB4QRlA1Sg4QBD3LWXogwQrCgtB3RC61atFKtMSdHz3ssLzaJjlV4kItpzmxay0afLwp2RYo:1odT5b:PCG_tTnqigkGiZaF4IZaSm1vDG_TrV1x1Awx8FXUENI", "expire_date": "2022-10-12T09:10:47.541Z"}}, {"model": "sessions.session", "pk": "0ti6e3q5bsw6vatp26nxjq50kfmhn1z8", "fields": {"session_data": ".eJxVjEEOwiAQRe_C2hDoADIu3XsGMjAgVUOT0q6MdzckXej2v_f-WwTatxr2ntcws7iISZx-t0jpmdsA_KB2X2Ra2rbOUQ5FHrTL28L5dT3cv4NKvY6aIxBMhp1D5zIr0JkKgsFimDwBJm1Jk-GzLjYqlTwlJLDoOSoL4vMF9Io4KQ:1oduHe:hSZObbDth2ZinFFCEsw4E8DxFkBVv7-nIOXJkuXMz1w", "expire_date": "2022-10-13T14:13:02.059Z"}}, {"model": "sessions.session", "pk": "4o717o7tqbyedy4pqfwvbyde0fkxs8jc", "fields": {"session_data": "eyJiYWciOnsiOSI6MSwiMTIiOjF9fQ:1oax0d:6fZ7GYf22C295GWeP1XN1Tq7TkREo9f23k3FszVPL2g", "expire_date": "2022-10-05T10:31:15.318Z"}}, {"model": "sessions.session", "pk": "9hcbegncdgez6jfx19ra2age6zoudwvs", "fields": {"session_data": ".eJxVjEsOwiAUAO_CuiFQPrVduvcM5PF4tagBA63RGO9uSLrQ7cxk3szBti5uq1RcDGxiinW_zANeKTURLpDOmWNOa4met4TvtvJTDnQ77u3fYIG6tK20QBp7OxqaNRm0NHhSwqP1WthDLwRoI6UJykpEsAMR-ln3qINSamzTSrXGnBw977G82CQ6VuFBLqY5s2ktG32-88hFUQ:1obe91:dU3LE3Yh-XK9XdlVCzmTTPU4X2jpc3BsgVImjTdrqA8", "expire_date": "2022-10-07T08:34:47.026Z"}}, {"model": "sessions.session", "pk": "b7yxdmkjl7pq4gbl16csgffylew8azzc", "fields": {"session_data": ".eJxVj81ugzAQhF_F2rOFbGwI5th7TzmGyFp7zU9KIcIgJYry7jUqh_Y00sw3s9oXWNzW3m4xLHYgqCEH_tdz6L_CtAd0w6mbMz9P6zK4bEeyI43Z50xh_DjYfwM9xn5vk1Oock1lacoykFAyYGuUNq0mrFAZLwuUqOkk28IJ4Sv0BlVhKnKiUPtoDDEO82TD4z4sT6gFB4cd1C_QUEsOsvyVU5J34r8Tj12I6fzl0oC1t5jah9sAZ4KzvOCsgfPmfbLbbRyfLH0S1kBMsfsy0-bXmDVwvcL7B5ABYO8:1obiZi:a-WDS_-rBRsXh-WRS2ufPQ6mTTqBaxVzHPoyAMMXWlU", "expire_date": "2022-10-07T13:18:38.532Z"}}, {"model": "sessions.session", "pk": "bzyby1dokklo80i99az9eddxbuetkd8c", "fields": {"session_data": "eyJzYXZlX2luZm8iOmZhbHNlfQ:1odEkq:X4RNN97l-JOZFQYV5MH3AjNJdb1q3-d59VBiwwlMqEg", "expire_date": "2022-10-11T17:52:24.840Z"}}, {"model": "sessions.session", "pk": "ebq1whs58r1grcof2ucn72wzf0olv732", "fields": {"session_data": "eyJiYWciOnsiMTIiOnsiaXRlbXNfYnlfc2l6ZSI6eyJtIjoxfX19fQ:1oaxtv:ASY1DP2sMqQQ6osGHic7tfGXUeFl7bwixhQtQ2H-GEk", "expire_date": "2022-10-05T11:28:23.084Z"}}, {"model": "sessions.session", "pk": "frwji5v1y4e92dx0w357so30n5bxsgq5", "fields": {"session_data": ".eJxVjEsKgzAUAO_y1hIS87Fm2X3PEJKXp6YtsRiFFvHuJeCi3c4Ms4Pz2zq5rdDiUgQLEppfFjw-KFcR7z6PM8M5r0sKrCbstIXd5kjP69n-DSZfproVxpPC1vSaBkUaDXWBJA9oguLm0nLulRZCR2kEojcdEYZBtaiilLKv00KlpDk7er_S8gHLGwh-BLuDACuO4wsb5kLZ:1obkoW:1l1tKQNTRNHhFbcQop6nS3spIJhPNXOdwbNvHh_oHdA", "expire_date": "2022-10-07T15:42:04.964Z"}}, {"model": "sessions.session", "pk": "k0czfnie5pkzhu35artxykihet7u8cut", "fields": {"session_data": ".eJxVjMEOwiAQBf-FsyHQBSw9evcbyMJSixow0CYa478bkh70-mbevJnDbV3c1mJ1idjEBnb43TyGW8wd0BXzpfBQ8lqT513hO238XCjeT7v7F1iwLf1NHhAGRcZYYyIJkBFnC8rOinBEsEFqlKjoKGfthQgjBoug7UheaOjRFltLJbv4fKT6YpP4fAGiFD9m:1obiwy:mMDUEm8s7hhJH_fHt6I2azGZMQ9wB-eIJySrA619l7A", "expire_date": "2022-10-07T13:42:40.843Z"}}, {"model": "sessions.session", "pk": "kyqqwrgtiem0nnobptvhq6ghlepmt34f", "fields": {"session_data": ".eJxVjrtuhDAQRX_FmhpZfgDBlOlTpVxW1thjHhsCK4ylrFb77zESRdKee-6deYLFtI82xbDZiaAFBcVf5tB_heUI6IbLsHK_Lvs2OX4o_Ewj_1gpzO-n-29gxDgebXIatSqprk1dBxJaBuyNLk1fEjaojZcVSizpTfaVE8I36A3qyjTkRKWP0RhinNbFhp_7tD2gFQU4HKB9giyhVa-sfGcFhxDzxculA2tvMRdO2kHBRMFUVbAOPpP3Gfdpnh8sPx_2QEyx-7ZS8nvkHVyv8PoFXsxemw:1obhCj:HLgScixOr1CwkG-CfU_sCgCz5Llv3phjOwDY-Nu41aw", "expire_date": "2022-10-07T11:50:49.454Z"}}, {"model": "sessions.session", "pk": "rial4fl1bh4d1opfkufji70fhts9dxr8", "fields": {"session_data": ".eJxVjEEOwiAQRe_C2hDoADIu3XsGMjAgVUOT0q6MdzckXej2v_f-WwTatxr2ntcws7iISZx-t0jpmdsA_KB2X2Ra2rbOUQ5FHrTL28L5dT3cv4NKvY6aIxBMhp1D5zIr0JkKgsFimDwBJm1Jk-GzLjYqlTwlJLDoOSoL4vMF9Io4KQ:1ofKBb:IheqtV8xxIyR8Vgh7JTOKCbYvS82_SR2HljknUVN-5M", "expire_date": "2022-10-17T12:04:39.058Z"}}, {"model": "sessions.session", "pk": "s8jersg6ouixizjhbaf03t55b8ca84y8", "fields": {"session_data": ".eJxVjEsKgzAUAO_y1hIS87Fm2X3PEJKXp6YtsRiFFvHuJeCi3c4Ms4Pz2zq5rdDiUgQLEppfFjw-KFcR7z6PM8M5r0sKrCbstIXd5kjP69n-DSZfproVxpPC1vSaBkUaDXWBJA9oguLm0nLulRZCR2kEojcdEYZBtaiilLKv00KlpDk7er_S8gHLGwh-BLtDB1YcxxccCkLf:1obRph:S0_2lHv_YAw5pRd9skRJhE90iPUFd72dwtbtCuF6MvE", "expire_date": "2022-10-06T19:26:01.881Z"}}, {"model": "sessions.session", "pk": "suky0q97lu090r9k9jeh34339fl5yen7", "fields": {"session_data": "eyJiYWciOnsiMTIiOjF9fQ:1oawu7:khW-DGqNM1TAeZtSJGLaJjnEWFPRWmIpsbr2UUP6ue0", "expire_date": "2022-10-05T10:24:31.062Z"}}, {"model": "sessions.session", "pk": "t973arxa3xxxp9iegmb0an8knnvkneev", "fields": {"session_data": "e30:1obRLC:dA-Fi3Js9a3W0fWOpOh4P9TJhXzTHWie57HapJ2xcHs", "expire_date": "2022-10-06T18:54:30.037Z"}}, {"model": "sessions.session", "pk": "uwihru73prfxucu4pzjlhabc6nfw1r7w", "fields": {"session_data": "eyJiYWciOnsiMiI6MX19:1obO5x:tnDXRjJkwFNDbjKpBn7p9dWOnzKoFI-SUsME0_HAC7M", "expire_date": "2022-10-06T15:26:33.642Z"}}, {"model": "sites.site", "pk": 1, "fields": {"domain": "example.com", "name": "example.com"}}, {"model": "account.emailaddress", "pk": 1, "fields": {"user": 1, "email": "richserry@gmail.com", "verified": true, "primary": true}}, {"model": "account.emailaddress", "pk": 2, "fields": {"user": 2, "email": "ricsherry@gmail.com", "verified": true, "primary": true}}, {"model": "account.emailaddress", "pk": 3, "fields": {"user": 3, "email": "test123@gmail.com", "verified": true, "primary": true}}, {"model": "products.category", "pk": 1, "fields": {"name": "bars_snacks", "friendly_name": "Bars & Snacks"}}, {"model": "products.category", "pk": 2, "fields": {"name": "drinks", "friendly_name": "Drinks"}}, {"model": "products.category", "pk": 3, "fields": {"name": "dumbbells", "friendly_name": "Dumbbells"}}, {"model": "products.category", "pk": 4, "fields": {"name": "kettlebells", "friendly_name": "Kettlebells"}}, {"model": "products.category", "pk": 5, "fields": {"name": "plates", "friendly_name": "Plates"}}, {"model": "products.category", "pk": 6, "fields": {"name": "shorts", "friendly_name": "Shorts"}}, {"model": "products.category", "pk": 7, "fields": {"name": "socks", "friendly_name": "Socks"}}, {"model": "products.category", "pk": 8, "fields": {"name": "tshirts", "friendly_name": "T-Shirts"}}, {"model": "products.category", "pk": 9, "fields": {"name": "vitamins", "friendly_name": "Vitamins"}}, {"model": "products.category", "pk": 10, "fields": {"name": "new_arrivals", "friendly_name": "New Arrivals"}}, {"model": "products.category", "pk": 11, "fields": {"name": "sale", "friendly_name": "Sale"}}, {"model": "products.category", "pk": 12, "fields": {"name": "clearance", "friendly_name": "Clearance"}}, {"model": "products.product", "pk": 1, "fields": {"category": 1, "sku": "gb0000000001", "name": "Protein Brownie Chocolate", "description": "Everyday protein-packed treat — ideal for on-the-go snacking Chocolate", "has_sizes": false, "price": "12.74", "rating": "4.70", "image_url": null, "image": "protein_bar_ykLIIgg.jpg"}}, {"model": "products.product", "pk": 2, "fields": {"category": 1, "sku": "gb0000000002", "name": "Peanut Butter", "description": "Super-nutritious snack — perfect for spreading on toast, rice crackers, or your favourite fruit", "has_sizes": false, "price": "9.50", "rating": "4.50", "image_url": null, "image": "peanut_butter_CK3Aw9n.jpg"}}, {"model": "products.product", "pk": 3, "fields": {"category": 1, "sku": "gb0000000003", "name": "Vitamin D3", "description": "The sunshine vitamin — for everyday wellbeing, whatever the weather", "has_sizes": false, "price": "9.99", "rating": "4.80", "image_url": null, "image": "vitamin_d_pQ75jsu.jpg"}}, {"model": "products.product", "pk": 4, "fields": {"category": 2, "sku": "gb0000000004", "name": "Energy Drink", "description": "Ready-to-drink 8 pack", "has_sizes": false, "price": "8.99", "rating": "4.80", "image_url": null, "image": "energy_drink_1ORdkRX.jpg"}}, {"model": "products.product", "pk": 5, "fields": {"category": 3, "sku": "gb0000000005", "name": "Dumbbell", "description": "Dumbbell 5kg", "has_sizes": false, "price": "12.99", "rating": "4.80", "image_url": null, "image": "dumbells_qcMdHgx.jpg"}}, {"model": "products.product", "pk": 6, "fields": {"category": 4, "sku": "gb0000000006", "name": "kettlebells", "description": "kettlebells 9kg", "has_sizes": false, "price": "15.99", "rating": "4.70", "image_url": null, "image": "kettlebells_NSDSwrc.jpg"}}, {"model": "products.product", "pk": 7, "fields": {"category": 5, "sku": "gb0000000007", "name": "Plates", "description": "Gym Plates 25kg", "has_sizes": false, "price": "45.99", "rating": "4.90", "image_url": null, "image": "weights_2gZenVR.jpg"}}, {"model": "products.product", "pk": 8, "fields": {"category": 6, "sku": "gb0000000008", "name": "Shorts", "description": "Gym Shorts", "has_sizes": true, "price": "27.99", "rating": "4.90", "image_url": null, "image": "shorts_tocl3CL.jpg"}}, {"model": "products.product", "pk": 9, "fields": {"category": 8, "sku": "gb0000000009", "name": "T-shirts", "description": "T-shirts - White", "has_sizes": true, "price": "5.99", "rating": "4.30", "image_url": null, "image": "tshirt_1_VZ9Uaia.jpg"}}, {"model": "products.product", "pk": 10, "fields": {"category": 9, "sku": "gb0000000010", "name": "Vitamins", "description": "Multivitamin Gummies - Vitamins", "has_sizes": false, "price": "8.99", "rating": "4.50", "image_url": null, "image": "vitamin_d_n6rcnom.jpg"}}, {"model": "products.product", "pk": 11, "fields": {"category": 7, "sku": "gb0000000011", "name": "Socks", "description": "Socks", "has_sizes": true, "price": "4.99", "rating": "4.80", "image_url": null, "image": "socks_ys77qsz.jpg"}}, {"model": "products.product", "pk": 12, "fields": {"category": 8, "sku": "gb0000000012", "name": "TShirt new", "description": "TShirt new - straight fit extended sizes available", "has_sizes": true, "price": "12.99", "rating": "4.70", "image_url": null, "image": "tshirt_2.jpg"}}, {"model": "products.product", "pk": 22, "fields": {"category": 10, "sku": "gb0000000013", "name": "Water Bottles", "description": "Water Bottles", "has_sizes": false, "price": "4.99", "rating": "4.80", "image_url": null, "image": "water_bottles.jpg"}}, {"model": "products.product", "pk": 23, "fields": {"category": 11, "sku": "gb0000000014", "name": "Skipping Rope", "description": "Skipping Rope", "has_sizes": false, "price": "9.99", "rating": "4.80", "image_url": null, "image": "skipping_rope.jpg"}}, {"model": "products.product", "pk": 24, "fields": {"category": 12, "sku": "gb0000000015", "name": "Medicine Ball", "description": "Medicine Ball - 14LB", "has_sizes": false, "price": "24.99", "rating": "4.80", "image_url": null, "image": "medicine_ball.jpg"}}, {"model": "checkout.order", "pk": 3, "fields": {"order_number": "FBA28B2F2F284CB0A1E8BB24D1FC7A28", "user_profile": null, "full_name": "test", "email": "test@tets.com", "phone_number": "123456", "country": "Ireland", "postcode": "Nowhere", "town_or_city": "Nowhere", "street_address1": "Nowhere", "street_address2": "Nowhere", "county": "Nowhere", "date": "2022-09-22T10:18:35.915Z", "delivery_cost": "0.50", "order_total": "4.99", "grand_total": "5.49", "original_bag": "", "stripe_pid": ""}}, {"model": "checkout.order", "pk": 4, "fields": {"order_number": "8A62D235EEEE41E98E8196C703214256", "user_profile": null, "full_name": "test", "email": "test123@gmail.com", "phone_number": "123456", "country": "Ireland", "postcode": "Nowhere", "town_or_city": "Nowhere", "street_address1": "Nowhere", "street_address2": "Nowhere", "county": "Nowhere", "date": "2022-09-22T10:37:00.471Z", "delivery_cost": "0.00", "order_total": "89.97", "grand_total": "89.97", "original_bag": "", "stripe_pid": ""}}, {"model": "checkout.order", "pk": 5, "fields": {"order_number": "0E21E639A57545BC80B08177CD68087A", "user_profile": null, "full_name": "test 1", "email": "test1@test.com", "phone_number": "123456", "country": "IE", "postcode": "Nowhere", "town_or_city": "Nowhere", "street_address1": "Nowhere", "street_address2": "Nowhere", "county": "Nowhere", "date": "2022-09-22T13:01:55.637Z", "delivery_cost": "0.50", "order_total": "4.99", "grand_total": "5.49", "original_bag": "", "stripe_pid": ""}}, {"model": "checkout.order", "pk": 6, "fields": {"order_number": "FC038FC5A41547D09F830B34FF123152", "user_profile": null, "full_name": "test", "email": "test2@gmail.com", "phone_number": "123456", "country": "IE", "postcode": "Nowhere", "town_or_city": "Nowhere", "street_address1": "Nowhere", "street_address2": "Nowhere", "county": "Nowhere", "date": "2022-09-22T13:08:06.953Z", "delivery_cost": "1.00", "order_total": "9.98", "grand_total": "10.98", "original_bag": "", "stripe_pid": ""}}, {"model": "checkout.order", "pk": 7, "fields": {"order_number": "6F9B7A81F9494C3583D7ED7FF2A32003", "user_profile": null, "full_name": "test", "email": "test4@gmail.com", "phone_number": "123456", "country": "IE", "postcode": "ANYWHERE", "town_or_city": "ANYWHERE", "street_address1": "ANYWHERE", "street_address2": "ANYWHERE", "county": "ANYWHERE", "date": "2022-09-22T13:26:54.580Z", "delivery_cost": "4.60", "order_total": "45.99", "grand_total": "50.59", "original_bag": "", "stripe_pid": ""}}, {"model": "checkout.order", "pk": 8, "fields": {"order_number": "2E21E596DDC844D6A4D18E2347D61B2E", "user_profile": null, "full_name": "test", "email": "test5@gmail.com", "phone_number": "123456", "country": "IE", "postcode": "Nowhere", "town_or_city": "Nowhere", "street_address1": "Nowhere", "street_address2": "Nowhere", "county": "Nowhere", "date": "2022-09-22T13:38:38.260Z", "delivery_cost": "0.90", "order_total": "8.99", "grand_total": "9.89", "original_bag": "", "stripe_pid": ""}}, {"model": "checkout.order", "pk": 9, "fields": {"order_number": "A5ECAF0B43304AC48D865DFD24A35146", "user_profile": null, "full_name": "test", "email": "test123@gmail.com", "phone_number": "123456", "country": "IE", "postcode": "Nowhere", "town_or_city": "Nowhere", "street_address1": "Nowhere", "street_address2": "Nowhere", "county": "Nowhere", "date": "2022-09-22T14:04:21.191Z", "delivery_cost": "4.60", "order_total": "45.99", "grand_total": "50.59", "original_bag": "", "stripe_pid": ""}}, {"model": "checkout.order", "pk": 10, "fields": {"order_number": "26CD31755BCF4971A50CE4F70CCDB088", "user_profile": null, "full_name": "test", "email": "test@gmail.com", "phone_number": "123456", "country": "IE", "postcode": "Nowhere", "town_or_city": "Nowhere", "street_address1": "Nowhere", "street_address2": "Nowhere", "county": "Nowhere", "date": "2022-09-22T14:11:41.472Z", "delivery_cost": "1.80", "order_total": "17.98", "grand_total": "19.78", "original_bag": "", "stripe_pid": ""}}, {"model": "checkout.order", "pk": 11, "fields": {"order_number": "8BADC6D200A4411B82D36B747EA7A382", "user_profile": null, "full_name": "Richard", "email": "test_richard@gmail.com", "phone_number": "123456", "country": "IE", "postcode": "Nowhere", "town_or_city": "Nowhere", "street_address1": "Nowhere", "street_address2": "Nowhere", "county": "Nowhere", "date": "2022-09-22T14:18:21.053Z", "delivery_cost": "1.30", "order_total": "12.99", "grand_total": "14.29", "original_bag": "", "stripe_pid": ""}}, {"model": "checkout.order", "pk": 12, "fields": {"order_number": "F473E3A250CE4640AF4B8387C46C1656", "user_profile": null, "full_name": "test", "email": "test1234@gmail.com", "phone_number": "123456", "country": "IE", "postcode": "Nowhere", "town_or_city": "Nowhere", "street_address1": "Nowhere", "street_address2": "Nowhere", "county": "Nowhere", "date": "2022-09-22T14:40:39.782Z", "delivery_cost": "1.60", "order_total": "15.99", "grand_total": "17.59", "original_bag": "{\"6\": 1}", "stripe_pid": "pi_3LkqZCCfBxuFReMJ0O6WEBjR"}}, {"model": "checkout.order", "pk": 13, "fields": {"order_number": "5D2B39E175C94918B71E66BEC7B812FE", "user_profile": null, "full_name": "test", "email": "test5@gmail.com", "phone_number": "123456", "country": "IE", "postcode": "Nowwhere", "town_or_city": "Nowwhere", "street_address1": "Nowwhere", "street_address2": "Nowwhere", "county": "Nowwhere", "date": "2022-09-22T14:53:59.321Z", "delivery_cost": "2.80", "order_total": "27.99", "grand_total": "30.79", "original_bag": "{\"8\": {\"items_by_size\": {\"m\": 1}}}", "stripe_pid": "pi_3Lkqm9CfBxuFReMJ1eh8Atqh"}}, {"model": "checkout.orderlineitem", "pk": 4, "fields": {"order": 3, "product": 11, "product_size": "l", "quantity": 1, "lineitem_total": "4.99"}}, {"model": "checkout.orderlineitem", "pk": 5, "fields": {"order": 4, "product": 1, "product_size": null, "quantity": 3, "lineitem_total": "89.97"}}, {"model": "checkout.orderlineitem", "pk": 6, "fields": {"order": 5, "product": 11, "product_size": "m", "quantity": 1, "lineitem_total": "4.99"}}, {"model": "checkout.orderlineitem", "pk": 7, "fields": {"order": 6, "product": 11, "product_size": "m", "quantity": 2, "lineitem_total": "9.98"}}, {"model": "checkout.orderlineitem", "pk": 8, "fields": {"order": 7, "product": 7, "product_size": null, "quantity": 1, "lineitem_total": "45.99"}}, {"model": "checkout.orderlineitem", "pk": 9, "fields": {"order": 8, "product": 10, "product_size": null, "quantity": 1, "lineitem_total": "8.99"}}, {"model": "checkout.orderlineitem", "pk": 10, "fields": {"order": 9, "product": 7, "product_size": null, "quantity": 1, "lineitem_total": "45.99"}}, {"model": "checkout.orderlineitem", "pk": 11, "fields": {"order": 10, "product": 10, "product_size": null, "quantity": 2, "lineitem_total": "17.98"}}, {"model": "checkout.orderlineitem", "pk": 12, "fields": {"order": 11, "product": 5, "product_size": null, "quantity": 1, "lineitem_total": "12.99"}}, {"model": "checkout.orderlineitem", "pk": 13, "fields": {"order": 12, "product": 6, "product_size": null, "quantity": 1, "lineitem_total": "15.99"}}, {"model": "checkout.orderlineitem", "pk": 14, "fields": {"order": 13, "product": 8, "product_size": "m", "quantity": 1, "lineitem_total": "27.99"}}, {"model": "profiles.userprofile", "pk": 1, "fields": {"user": 2, "default_phone_number": "132456", "default_street_address1": "address 1", "default_street_address2": "address 2", "default_town_or_city": "Dublin", "default_county": "Dublin", "default_postcode": "IE", "default_country": "IE"}}, {"model": "profiles.userprofile", "pk": 2, "fields": {"user": 3, "default_phone_number": "123456", "default_street_address1": "Nowhere", "default_street_address2": "Nowhere", "default_town_or_city": "Nowhere", "default_county": "Nowhere", "default_postcode": "Nowhere", "default_country": "IE"}}, {"model": "contact.contact", "pk": 1, "fields": {"name": "Richard", "email": "sherryrichard@hotmail.com", "body": "test", "created_on": "2022-09-26T10:27:00.882Z"}}, {"model": "contact.contact", "pk": 2, "fields": {"name": "kevin", "email": "kevin@test.com", "body": "this is a test contact form", "created_on": "2022-09-26T17:27:33.358Z"}}, {"model": "contact.contact", "pk": 3, "fields": {"name": "kevin", "email": "kevin@test.com", "body": "test", "created_on": "2022-09-26T17:28:25.287Z"}}, {"model": "contact.contact", "pk": 4, "fields": {"name": "rs", "email": "test@gmail.com", "body": "test 2", "created_on": "2022-09-26T19:32:45.514Z"}}, {"model": "contact.contact", "pk": 5, "fields": {"name": "test2", "email": "test124@gmail.com", "body": "test 27/09", "created_on": "2022-09-27T09:45:47.885Z"}}, {"model": "contact.contact", "pk": 6, "fields": {"name": "richard", "email": "ric@test.com", "body": "test test", "created_on": "2022-09-28T09:03:59.590Z"}}, {"model": "installation.installation", "pk": 1, "fields": {"first_name": "test", "last_name": "test", "email_address": "", "phone_number": "", "date": "2022-09-26", "installation_type": "Club"}}, {"model": "installation.installation", "pk": 2, "fields": {"first_name": "richard", "last_name": "sherry", "email_address": "ricsherry@gmail.com", "phone_number": "0868801023", "date": "2023-08-08", "installation_type": "Corporate"}}, {"model": "installation.installation", "pk": 3, "fields": {"first_name": "richard", "last_name": "sherry", "email_address": "ricsherry@gmail.com", "phone_number": "0868801023", "date": "2022-11-30", "installation_type": "Corporate"}}, {"model": "installation.installation", "pk": 4, "fields": {"first_name": "Richard", "last_name": "Sherry", "email_address": "ric@test.com", "phone_number": "123456", "date": "2022-11-30", "installation_type": "Hotel"}}]